Model,R2
lasso,0.27096919451728324
ridge,0.2952668578237815
xgboost,0.382966794992646
gbr,0.4092834778327544
rf,0.4262075592896683
mlp,0.2572225063366883
