Model,R2
lasso,0.28889785078994207
ridge,0.29538012143709996
xgboost,0.382966794992646
gbr,0.4151297617209533
rf,0.4258720360435997
mlp,0.30755644559930495
